,password,name,complaints
user1,12345,Olivia Bennett,"{'accessories': {'prod15': 'Low', 'prod19': 'Low', 'prod66': 'Medium'}, 'baby_clothing': {}, 'baby_gear': {}, 'bakery': {}, 'bath_and_body': {}, 'bedroom': {}, 'beverages': {}, 'cameras': {}, 'children_clothing': {}, 'climate_control': {}, 'dairy_and_eggs': {}, 'diapers': {}, 'dining_room': {}, 'entertainment': {}, 'feeding_essentials': {}, 'feminine_care': {}, 'first_aid': {}, 'fitness_equipment': {}, 'footwear': {}, 'fragrances': {}, 'fresh_products': {}, 'frozen_foods': {}, 'gaming': {}, 'haircare': {}, 'headphones': {}, 'healthy_snacks': {}, 'health_and_safety': {}, 'home_cleaning': {}, 'home_decor': {}, 'hygiene': {}, 'jewelry': {}, 'kids': {}, 'kitchen_appliances': {}, 'laptops': {}, 'laundry': {}, 'living_room': {}, 'maternity_and_pregnancy': {}, 'meat_and_sea_food': {}, 'medical_supplies': {}, 'mens_clothing': {}, 'mens_grooming': {}, 'mobiles': {}, 'nursery_and_bedding': {}, 'office': {}, 'oral_care': {}, 'outdoor': {}, 'outerwear': {}, 'pantry': {}, 'personal_care': {}, 'personal_care_products': {}, 'personal_hygiene': {}, 'skincare': {}, 'small_kitchen': {}, 'smart_home': {}, 'snacks': {}, 'sports': {}, 'sportswear': {}, 'storage': {}, 'styling': {}, 'televisions': {}, 'toys_and_games': {}, 'vitamins_and_supplements': {}, 'watches': {}, 'womens_clothing': {}}"
user2,12345,Liam Carter,"{'accessories': {}, 'baby_clothing': {}, 'baby_gear': {}, 'bakery': {}, 'bath_and_body': {}, 'bedroom': {}, 'beverages': {}, 'cameras': {}, 'children_clothing': {}, 'climate_control': {}, 'dairy_and_eggs': {}, 'diapers': {}, 'dining_room': {}, 'entertainment': {}, 'feeding_essentials': {}, 'feminine_care': {}, 'first_aid': {}, 'fitness_equipment': {}, 'footwear': {}, 'fragrances': {}, 'fresh_products': {}, 'frozen_foods': {}, 'gaming': {}, 'haircare': {}, 'headphones': {}, 'healthy_snacks': {}, 'health_and_safety': {}, 'home_cleaning': {}, 'home_decor': {}, 'hygiene': {}, 'jewelry': {}, 'kids': {}, 'kitchen_appliances': {}, 'laptops': {}, 'laundry': {}, 'living_room': {}, 'maternity_and_pregnancy': {}, 'meat_and_sea_food': {}, 'medical_supplies': {}, 'mens_clothing': {}, 'mens_grooming': {}, 'mobiles': {}, 'nursery_and_bedding': {}, 'office': {}, 'oral_care': {}, 'outdoor': {}, 'outerwear': {}, 'pantry': {}, 'personal_care': {}, 'personal_care_products': {}, 'personal_hygiene': {}, 'skincare': {}, 'small_kitchen': {}, 'smart_home': {}, 'snacks': {}, 'sports': {}, 'sportswear': {}, 'storage': {}, 'styling': {}, 'televisions': {}, 'toys_and_games': {}, 'vitamins_and_supplements': {}, 'watches': {}, 'womens_clothing': {}}"
user3,12345,Sophia Anderson,"{'accessories': {}, 'baby_clothing': {}, 'baby_gear': {}, 'bakery': {}, 'bath_and_body': {}, 'bedroom': {}, 'beverages': {}, 'cameras': {}, 'children_clothing': {}, 'climate_control': {}, 'dairy_and_eggs': {}, 'diapers': {}, 'dining_room': {}, 'entertainment': {}, 'feeding_essentials': {}, 'feminine_care': {}, 'first_aid': {}, 'fitness_equipment': {}, 'footwear': {}, 'fragrances': {}, 'fresh_products': {}, 'frozen_foods': {}, 'gaming': {}, 'haircare': {}, 'headphones': {}, 'healthy_snacks': {}, 'health_and_safety': {}, 'home_cleaning': {}, 'home_decor': {}, 'hygiene': {}, 'jewelry': {}, 'kids': {}, 'kitchen_appliances': {}, 'laptops': {}, 'laundry': {}, 'living_room': {}, 'maternity_and_pregnancy': {}, 'meat_and_sea_food': {}, 'medical_supplies': {}, 'mens_clothing': {}, 'mens_grooming': {}, 'mobiles': {}, 'nursery_and_bedding': {}, 'office': {}, 'oral_care': {}, 'outdoor': {}, 'outerwear': {}, 'pantry': {}, 'personal_care': {}, 'personal_care_products': {}, 'personal_hygiene': {}, 'skincare': {}, 'small_kitchen': {}, 'smart_home': {}, 'snacks': {}, 'sports': {}, 'sportswear': {}, 'storage': {}, 'styling': {}, 'televisions': {}, 'toys_and_games': {}, 'vitamins_and_supplements': {}, 'watches': {}, 'womens_clothing': {}}"
user4,12345,Noah Patel,"{'accessories': {}, 'baby_clothing': {}, 'baby_gear': {}, 'bakery': {}, 'bath_and_body': {}, 'bedroom': {}, 'beverages': {}, 'cameras': {}, 'children_clothing': {}, 'climate_control': {}, 'dairy_and_eggs': {}, 'diapers': {}, 'dining_room': {}, 'entertainment': {}, 'feeding_essentials': {}, 'feminine_care': {}, 'first_aid': {}, 'fitness_equipment': {}, 'footwear': {}, 'fragrances': {}, 'fresh_products': {}, 'frozen_foods': {}, 'gaming': {}, 'haircare': {}, 'headphones': {}, 'healthy_snacks': {}, 'health_and_safety': {}, 'home_cleaning': {}, 'home_decor': {}, 'hygiene': {}, 'jewelry': {}, 'kids': {}, 'kitchen_appliances': {}, 'laptops': {}, 'laundry': {}, 'living_room': {}, 'maternity_and_pregnancy': {}, 'meat_and_sea_food': {}, 'medical_supplies': {}, 'mens_clothing': {}, 'mens_grooming': {}, 'mobiles': {}, 'nursery_and_bedding': {}, 'office': {}, 'oral_care': {}, 'outdoor': {}, 'outerwear': {}, 'pantry': {}, 'personal_care': {}, 'personal_care_products': {}, 'personal_hygiene': {}, 'skincare': {}, 'small_kitchen': {}, 'smart_home': {}, 'snacks': {}, 'sports': {}, 'sportswear': {}, 'storage': {}, 'styling': {}, 'televisions': {}, 'toys_and_games': {}, 'vitamins_and_supplements': {}, 'watches': {}, 'womens_clothing': {}}"
user5,12345,Ava Johnson,"{'accessories': {}, 'baby_clothing': {}, 'baby_gear': {}, 'bakery': {}, 'bath_and_body': {}, 'bedroom': {}, 'beverages': {}, 'cameras': {}, 'children_clothing': {}, 'climate_control': {}, 'dairy_and_eggs': {}, 'diapers': {}, 'dining_room': {}, 'entertainment': {}, 'feeding_essentials': {}, 'feminine_care': {}, 'first_aid': {}, 'fitness_equipment': {}, 'footwear': {}, 'fragrances': {}, 'fresh_products': {}, 'frozen_foods': {}, 'gaming': {}, 'haircare': {}, 'headphones': {}, 'healthy_snacks': {}, 'health_and_safety': {}, 'home_cleaning': {}, 'home_decor': {}, 'hygiene': {}, 'jewelry': {}, 'kids': {}, 'kitchen_appliances': {}, 'laptops': {}, 'laundry': {}, 'living_room': {}, 'maternity_and_pregnancy': {}, 'meat_and_sea_food': {}, 'medical_supplies': {}, 'mens_clothing': {}, 'mens_grooming': {}, 'mobiles': {}, 'nursery_and_bedding': {}, 'office': {}, 'oral_care': {}, 'outdoor': {}, 'outerwear': {}, 'pantry': {}, 'personal_care': {}, 'personal_care_products': {}, 'personal_hygiene': {}, 'skincare': {}, 'small_kitchen': {}, 'smart_home': {}, 'snacks': {}, 'sports': {}, 'sportswear': {}, 'storage': {}, 'styling': {}, 'televisions': {}, 'toys_and_games': {}, 'vitamins_and_supplements': {}, 'watches': {}, 'womens_clothing': {}}"
user6,12345,Ethan Martinez,"{'accessories': {}, 'baby_clothing': {}, 'baby_gear': {}, 'bakery': {}, 'bath_and_body': {}, 'bedroom': {}, 'beverages': {}, 'cameras': {}, 'children_clothing': {}, 'climate_control': {}, 'dairy_and_eggs': {}, 'diapers': {}, 'dining_room': {}, 'entertainment': {}, 'feeding_essentials': {}, 'feminine_care': {}, 'first_aid': {}, 'fitness_equipment': {}, 'footwear': {}, 'fragrances': {}, 'fresh_products': {}, 'frozen_foods': {}, 'gaming': {}, 'haircare': {}, 'headphones': {}, 'healthy_snacks': {}, 'health_and_safety': {}, 'home_cleaning': {}, 'home_decor': {}, 'hygiene': {}, 'jewelry': {}, 'kids': {}, 'kitchen_appliances': {}, 'laptops': {}, 'laundry': {}, 'living_room': {}, 'maternity_and_pregnancy': {}, 'meat_and_sea_food': {}, 'medical_supplies': {}, 'mens_clothing': {}, 'mens_grooming': {}, 'mobiles': {}, 'nursery_and_bedding': {}, 'office': {}, 'oral_care': {}, 'outdoor': {}, 'outerwear': {}, 'pantry': {}, 'personal_care': {}, 'personal_care_products': {}, 'personal_hygiene': {}, 'skincare': {}, 'small_kitchen': {}, 'smart_home': {}, 'snacks': {}, 'sports': {}, 'sportswear': {}, 'storage': {}, 'styling': {}, 'televisions': {}, 'toys_and_games': {}, 'vitamins_and_supplements': {}, 'watches': {}, 'womens_clothing': {}}"
user7,12345,Isabella Thompson,"{'accessories': {}, 'baby_clothing': {}, 'baby_gear': {}, 'bakery': {}, 'bath_and_body': {}, 'bedroom': {}, 'beverages': {}, 'cameras': {}, 'children_clothing': {}, 'climate_control': {}, 'dairy_and_eggs': {}, 'diapers': {}, 'dining_room': {}, 'entertainment': {}, 'feeding_essentials': {}, 'feminine_care': {}, 'first_aid': {}, 'fitness_equipment': {}, 'footwear': {}, 'fragrances': {}, 'fresh_products': {}, 'frozen_foods': {}, 'gaming': {}, 'haircare': {}, 'headphones': {}, 'healthy_snacks': {}, 'health_and_safety': {}, 'home_cleaning': {}, 'home_decor': {}, 'hygiene': {}, 'jewelry': {}, 'kids': {}, 'kitchen_appliances': {}, 'laptops': {}, 'laundry': {}, 'living_room': {}, 'maternity_and_pregnancy': {}, 'meat_and_sea_food': {}, 'medical_supplies': {}, 'mens_clothing': {}, 'mens_grooming': {}, 'mobiles': {}, 'nursery_and_bedding': {}, 'office': {}, 'oral_care': {}, 'outdoor': {}, 'outerwear': {}, 'pantry': {}, 'personal_care': {}, 'personal_care_products': {}, 'personal_hygiene': {}, 'skincare': {}, 'small_kitchen': {}, 'smart_home': {}, 'snacks': {}, 'sports': {}, 'sportswear': {}, 'storage': {}, 'styling': {}, 'televisions': {}, 'toys_and_games': {}, 'vitamins_and_supplements': {}, 'watches': {}, 'womens_clothing': {}}"
user8,12345,Aiden Davis,"{'accessories': {}, 'baby_clothing': {}, 'baby_gear': {'prod78': 'Low'}, 'bakery': {'prod88': 'Highest'}, 'bath_and_body': {}, 'bedroom': {}, 'beverages': {}, 'cameras': {}, 'children_clothing': {}, 'climate_control': {}, 'dairy_and_eggs': {}, 'diapers': {}, 'dining_room': {}, 'entertainment': {}, 'feeding_essentials': {}, 'feminine_care': {}, 'first_aid': {}, 'fitness_equipment': {}, 'footwear': {}, 'fragrances': {}, 'fresh_products': {}, 'frozen_foods': {}, 'gaming': {}, 'haircare': {}, 'headphones': {}, 'healthy_snacks': {}, 'health_and_safety': {}, 'home_cleaning': {}, 'home_decor': {}, 'hygiene': {}, 'jewelry': {}, 'kids': {}, 'kitchen_appliances': {}, 'laptops': {}, 'laundry': {}, 'living_room': {}, 'maternity_and_pregnancy': {}, 'meat_and_sea_food': {}, 'medical_supplies': {}, 'mens_clothing': {}, 'mens_grooming': {}, 'mobiles': {}, 'nursery_and_bedding': {}, 'office': {}, 'oral_care': {}, 'outdoor': {}, 'outerwear': {}, 'pantry': {}, 'personal_care': {}, 'personal_care_products': {}, 'personal_hygiene': {}, 'skincare': {}, 'small_kitchen': {}, 'smart_home': {}, 'snacks': {}, 'sports': {}, 'sportswear': {}, 'storage': {}, 'styling': {}, 'televisions': {}, 'toys_and_games': {}, 'vitamins_and_supplements': {}, 'watches': {}, 'womens_clothing': {}}"
user9,12345,Mia Walker,"{'accessories': {}, 'baby_clothing': {}, 'baby_gear': {}, 'bakery': {}, 'bath_and_body': {}, 'bedroom': {}, 'beverages': {}, 'cameras': {}, 'children_clothing': {}, 'climate_control': {}, 'dairy_and_eggs': {}, 'diapers': {}, 'dining_room': {}, 'entertainment': {}, 'feeding_essentials': {}, 'feminine_care': {}, 'first_aid': {}, 'fitness_equipment': {}, 'footwear': {}, 'fragrances': {}, 'fresh_products': {}, 'frozen_foods': {}, 'gaming': {}, 'haircare': {}, 'headphones': {}, 'healthy_snacks': {}, 'health_and_safety': {}, 'home_cleaning': {}, 'home_decor': {}, 'hygiene': {}, 'jewelry': {}, 'kids': {}, 'kitchen_appliances': {}, 'laptops': {}, 'laundry': {}, 'living_room': {}, 'maternity_and_pregnancy': {}, 'meat_and_sea_food': {}, 'medical_supplies': {}, 'mens_clothing': {}, 'mens_grooming': {}, 'mobiles': {}, 'nursery_and_bedding': {}, 'office': {}, 'oral_care': {}, 'outdoor': {}, 'outerwear': {}, 'pantry': {}, 'personal_care': {}, 'personal_care_products': {}, 'personal_hygiene': {}, 'skincare': {}, 'small_kitchen': {}, 'smart_home': {}, 'snacks': {}, 'sports': {}, 'sportswear': {}, 'storage': {}, 'styling': {}, 'televisions': {}, 'toys_and_games': {}, 'vitamins_and_supplements': {}, 'watches': {}, 'womens_clothing': {}}"
user10,12345,Jackson Wright,"{'accessories': {'prod72': 'Highest'}, 'baby_clothing': {}, 'baby_gear': {'prod72': 'Highest'}, 'bakery': {}, 'bath_and_body': {}, 'bedroom': {}, 'beverages': {}, 'cameras': {}, 'children_clothing': {}, 'climate_control': {}, 'dairy_and_eggs': {}, 'diapers': {}, 'dining_room': {}, 'entertainment': {}, 'feeding_essentials': {}, 'feminine_care': {}, 'first_aid': {}, 'fitness_equipment': {}, 'footwear': {}, 'fragrances': {}, 'fresh_products': {}, 'frozen_foods': {}, 'gaming': {}, 'haircare': {}, 'headphones': {}, 'healthy_snacks': {}, 'health_and_safety': {}, 'home_cleaning': {}, 'home_decor': {}, 'hygiene': {}, 'jewelry': {}, 'kids': {}, 'kitchen_appliances': {}, 'laptops': {}, 'laundry': {}, 'living_room': {}, 'maternity_and_pregnancy': {}, 'meat_and_sea_food': {}, 'medical_supplies': {}, 'mens_clothing': {}, 'mens_grooming': {}, 'mobiles': {}, 'nursery_and_bedding': {}, 'office': {}, 'oral_care': {}, 'outdoor': {}, 'outerwear': {}, 'pantry': {}, 'personal_care': {}, 'personal_care_products': {}, 'personal_hygiene': {}, 'skincare': {}, 'small_kitchen': {}, 'smart_home': {}, 'snacks': {}, 'sports': {}, 'sportswear': {}, 'storage': {}, 'styling': {}, 'televisions': {}, 'toys_and_games': {}, 'vitamins_and_supplements': {}, 'watches': {}, 'womens_clothing': {}}"
user11,12345,Emma Williams,"{'accessories': {}, 'baby_clothing': {}, 'baby_gear': {}, 'bakery': {}, 'bath_and_body': {}, 'bedroom': {}, 'beverages': {}, 'cameras': {}, 'children_clothing': {}, 'climate_control': {}, 'dairy_and_eggs': {}, 'diapers': {}, 'dining_room': {}, 'entertainment': {}, 'feeding_essentials': {}, 'feminine_care': {}, 'first_aid': {}, 'fitness_equipment': {}, 'footwear': {}, 'fragrances': {}, 'fresh_products': {}, 'frozen_foods': {}, 'gaming': {}, 'haircare': {}, 'headphones': {}, 'healthy_snacks': {}, 'health_and_safety': {}, 'home_cleaning': {}, 'home_decor': {}, 'hygiene': {}, 'jewelry': {}, 'kids': {}, 'kitchen_appliances': {}, 'laptops': {}, 'laundry': {}, 'living_room': {}, 'maternity_and_pregnancy': {}, 'meat_and_sea_food': {}, 'medical_supplies': {}, 'mens_clothing': {}, 'mens_grooming': {}, 'mobiles': {}, 'nursery_and_bedding': {}, 'office': {}, 'oral_care': {}, 'outdoor': {}, 'outerwear': {}, 'pantry': {}, 'personal_care': {}, 'personal_care_products': {}, 'personal_hygiene': {}, 'skincare': {}, 'small_kitchen': {}, 'smart_home': {}, 'snacks': {}, 'sports': {}, 'sportswear': {}, 'storage': {}, 'styling': {}, 'televisions': {}, 'toys_and_games': {}, 'vitamins_and_supplements': {}, 'watches': {}, 'womens_clothing': {}}"
user12,12345,Lucas Rodriguez,"{'accessories': {}, 'baby_clothing': {}, 'baby_gear': {}, 'bakery': {}, 'bath_and_body': {}, 'bedroom': {}, 'beverages': {}, 'cameras': {}, 'children_clothing': {}, 'climate_control': {}, 'dairy_and_eggs': {}, 'diapers': {}, 'dining_room': {}, 'entertainment': {}, 'feeding_essentials': {}, 'feminine_care': {}, 'first_aid': {}, 'fitness_equipment': {}, 'footwear': {}, 'fragrances': {}, 'fresh_products': {}, 'frozen_foods': {}, 'gaming': {}, 'haircare': {}, 'headphones': {}, 'healthy_snacks': {}, 'health_and_safety': {}, 'home_cleaning': {}, 'home_decor': {}, 'hygiene': {}, 'jewelry': {}, 'kids': {}, 'kitchen_appliances': {}, 'laptops': {}, 'laundry': {}, 'living_room': {}, 'maternity_and_pregnancy': {}, 'meat_and_sea_food': {}, 'medical_supplies': {}, 'mens_clothing': {}, 'mens_grooming': {}, 'mobiles': {}, 'nursery_and_bedding': {}, 'office': {}, 'oral_care': {}, 'outdoor': {}, 'outerwear': {}, 'pantry': {}, 'personal_care': {}, 'personal_care_products': {}, 'personal_hygiene': {}, 'skincare': {}, 'small_kitchen': {}, 'smart_home': {}, 'snacks': {}, 'sports': {}, 'sportswear': {}, 'storage': {}, 'styling': {}, 'televisions': {}, 'toys_and_games': {}, 'vitamins_and_supplements': {}, 'watches': {}, 'womens_clothing': {}}"
user13,12345,Harper Lewis,"{'accessories': {}, 'baby_clothing': {}, 'baby_gear': {}, 'bakery': {}, 'bath_and_body': {}, 'bedroom': {}, 'beverages': {}, 'cameras': {}, 'children_clothing': {}, 'climate_control': {}, 'dairy_and_eggs': {}, 'diapers': {}, 'dining_room': {}, 'entertainment': {}, 'feeding_essentials': {}, 'feminine_care': {}, 'first_aid': {}, 'fitness_equipment': {}, 'footwear': {}, 'fragrances': {}, 'fresh_products': {}, 'frozen_foods': {}, 'gaming': {}, 'haircare': {}, 'headphones': {}, 'healthy_snacks': {}, 'health_and_safety': {}, 'home_cleaning': {}, 'home_decor': {}, 'hygiene': {}, 'jewelry': {}, 'kids': {}, 'kitchen_appliances': {}, 'laptops': {}, 'laundry': {}, 'living_room': {}, 'maternity_and_pregnancy': {}, 'meat_and_sea_food': {}, 'medical_supplies': {}, 'mens_clothing': {}, 'mens_grooming': {}, 'mobiles': {}, 'nursery_and_bedding': {}, 'office': {}, 'oral_care': {}, 'outdoor': {}, 'outerwear': {}, 'pantry': {}, 'personal_care': {}, 'personal_care_products': {}, 'personal_hygiene': {}, 'skincare': {}, 'small_kitchen': {}, 'smart_home': {}, 'snacks': {}, 'sports': {}, 'sportswear': {}, 'storage': {}, 'styling': {}, 'televisions': {}, 'toys_and_games': {}, 'vitamins_and_supplements': {}, 'watches': {}, 'womens_clothing': {}}"
user14,12345,Oliver Scott,"{'accessories': {'prod36': 'Low', 'prod40': 'Highest'}, 'baby_clothing': {}, 'baby_gear': {}, 'bakery': {}, 'bath_and_body': {'prod16': 'Medium'}, 'bedroom': {}, 'beverages': {}, 'cameras': {}, 'children_clothing': {}, 'climate_control': {}, 'dairy_and_eggs': {}, 'diapers': {}, 'dining_room': {}, 'entertainment': {}, 'feeding_essentials': {}, 'feminine_care': {}, 'first_aid': {}, 'fitness_equipment': {}, 'footwear': {}, 'fragrances': {}, 'fresh_products': {}, 'frozen_foods': {}, 'gaming': {}, 'haircare': {}, 'headphones': {}, 'healthy_snacks': {}, 'health_and_safety': {}, 'home_cleaning': {}, 'home_decor': {}, 'hygiene': {}, 'jewelry': {}, 'kids': {}, 'kitchen_appliances': {}, 'laptops': {}, 'laundry': {}, 'living_room': {}, 'maternity_and_pregnancy': {}, 'meat_and_sea_food': {}, 'medical_supplies': {}, 'mens_clothing': {}, 'mens_grooming': {}, 'mobiles': {}, 'nursery_and_bedding': {}, 'office': {}, 'oral_care': {}, 'outdoor': {}, 'outerwear': {}, 'pantry': {}, 'personal_care': {}, 'personal_care_products': {}, 'personal_hygiene': {}, 'skincare': {}, 'small_kitchen': {}, 'smart_home': {}, 'snacks': {}, 'sports': {}, 'sportswear': {}, 'storage': {}, 'styling': {}, 'televisions': {}, 'toys_and_games': {}, 'vitamins_and_supplements': {}, 'watches': {}, 'womens_clothing': {}}"
user15,12345,Amelia Turner,"{'accessories': {}, 'baby_clothing': {}, 'baby_gear': {}, 'bakery': {}, 'bath_and_body': {}, 'bedroom': {}, 'beverages': {}, 'cameras': {}, 'children_clothing': {}, 'climate_control': {}, 'dairy_and_eggs': {}, 'diapers': {}, 'dining_room': {}, 'entertainment': {}, 'feeding_essentials': {}, 'feminine_care': {}, 'first_aid': {}, 'fitness_equipment': {}, 'footwear': {}, 'fragrances': {}, 'fresh_products': {}, 'frozen_foods': {}, 'gaming': {}, 'haircare': {}, 'headphones': {}, 'healthy_snacks': {}, 'health_and_safety': {}, 'home_cleaning': {}, 'home_decor': {}, 'hygiene': {}, 'jewelry': {}, 'kids': {}, 'kitchen_appliances': {}, 'laptops': {}, 'laundry': {}, 'living_room': {}, 'maternity_and_pregnancy': {}, 'meat_and_sea_food': {}, 'medical_supplies': {}, 'mens_clothing': {}, 'mens_grooming': {}, 'mobiles': {}, 'nursery_and_bedding': {}, 'office': {}, 'oral_care': {}, 'outdoor': {}, 'outerwear': {}, 'pantry': {}, 'personal_care': {}, 'personal_care_products': {}, 'personal_hygiene': {}, 'skincare': {}, 'small_kitchen': {}, 'smart_home': {}, 'snacks': {}, 'sports': {}, 'sportswear': {}, 'storage': {}, 'styling': {}, 'televisions': {}, 'toys_and_games': {}, 'vitamins_and_supplements': {}, 'watches': {}, 'womens_clothing': {}}"
user16,12345,Elijah Morgan,"{'accessories': {}, 'baby_clothing': {}, 'baby_gear': {}, 'bakery': {}, 'bath_and_body': {}, 'bedroom': {}, 'beverages': {}, 'cameras': {}, 'children_clothing': {}, 'climate_control': {}, 'dairy_and_eggs': {}, 'diapers': {}, 'dining_room': {}, 'entertainment': {}, 'feeding_essentials': {}, 'feminine_care': {}, 'first_aid': {}, 'fitness_equipment': {}, 'footwear': {}, 'fragrances': {}, 'fresh_products': {}, 'frozen_foods': {}, 'gaming': {}, 'haircare': {}, 'headphones': {}, 'healthy_snacks': {}, 'health_and_safety': {}, 'home_cleaning': {}, 'home_decor': {}, 'hygiene': {}, 'jewelry': {}, 'kids': {}, 'kitchen_appliances': {}, 'laptops': {}, 'laundry': {}, 'living_room': {}, 'maternity_and_pregnancy': {}, 'meat_and_sea_food': {}, 'medical_supplies': {}, 'mens_clothing': {}, 'mens_grooming': {}, 'mobiles': {}, 'nursery_and_bedding': {}, 'office': {}, 'oral_care': {}, 'outdoor': {}, 'outerwear': {}, 'pantry': {}, 'personal_care': {}, 'personal_care_products': {}, 'personal_hygiene': {}, 'skincare': {}, 'small_kitchen': {}, 'smart_home': {}, 'snacks': {}, 'sports': {}, 'sportswear': {}, 'storage': {}, 'styling': {}, 'televisions': {}, 'toys_and_games': {}, 'vitamins_and_supplements': {}, 'watches': {}, 'womens_clothing': {}}"
user17,12345,Charlotte White,"{'accessories': {}, 'baby_clothing': {}, 'baby_gear': {}, 'bakery': {}, 'bath_and_body': {}, 'bedroom': {}, 'beverages': {}, 'cameras': {}, 'children_clothing': {}, 'climate_control': {}, 'dairy_and_eggs': {}, 'diapers': {}, 'dining_room': {}, 'entertainment': {}, 'feeding_essentials': {}, 'feminine_care': {}, 'first_aid': {}, 'fitness_equipment': {}, 'footwear': {}, 'fragrances': {}, 'fresh_products': {}, 'frozen_foods': {}, 'gaming': {}, 'haircare': {}, 'headphones': {}, 'healthy_snacks': {}, 'health_and_safety': {}, 'home_cleaning': {}, 'home_decor': {}, 'hygiene': {}, 'jewelry': {}, 'kids': {}, 'kitchen_appliances': {}, 'laptops': {}, 'laundry': {}, 'living_room': {}, 'maternity_and_pregnancy': {}, 'meat_and_sea_food': {}, 'medical_supplies': {}, 'mens_clothing': {}, 'mens_grooming': {}, 'mobiles': {}, 'nursery_and_bedding': {}, 'office': {}, 'oral_care': {}, 'outdoor': {}, 'outerwear': {}, 'pantry': {}, 'personal_care': {}, 'personal_care_products': {}, 'personal_hygiene': {}, 'skincare': {}, 'small_kitchen': {}, 'smart_home': {}, 'snacks': {}, 'sports': {}, 'sportswear': {}, 'storage': {}, 'styling': {}, 'televisions': {}, 'toys_and_games': {}, 'vitamins_and_supplements': {}, 'watches': {}, 'womens_clothing': {}}"
user18,12345,Grayson Hall,"{'accessories': {}, 'baby_clothing': {}, 'baby_gear': {}, 'bakery': {}, 'bath_and_body': {}, 'bedroom': {}, 'beverages': {}, 'cameras': {}, 'children_clothing': {}, 'climate_control': {}, 'dairy_and_eggs': {}, 'diapers': {}, 'dining_room': {}, 'entertainment': {}, 'feeding_essentials': {}, 'feminine_care': {}, 'first_aid': {}, 'fitness_equipment': {}, 'footwear': {}, 'fragrances': {}, 'fresh_products': {}, 'frozen_foods': {}, 'gaming': {}, 'haircare': {}, 'headphones': {}, 'healthy_snacks': {}, 'health_and_safety': {}, 'home_cleaning': {}, 'home_decor': {}, 'hygiene': {}, 'jewelry': {}, 'kids': {}, 'kitchen_appliances': {}, 'laptops': {}, 'laundry': {}, 'living_room': {}, 'maternity_and_pregnancy': {}, 'meat_and_sea_food': {}, 'medical_supplies': {}, 'mens_clothing': {}, 'mens_grooming': {}, 'mobiles': {}, 'nursery_and_bedding': {}, 'office': {}, 'oral_care': {}, 'outdoor': {}, 'outerwear': {}, 'pantry': {}, 'personal_care': {}, 'personal_care_products': {}, 'personal_hygiene': {}, 'skincare': {}, 'small_kitchen': {}, 'smart_home': {}, 'snacks': {}, 'sports': {}, 'sportswear': {}, 'storage': {}, 'styling': {}, 'televisions': {}, 'toys_and_games': {}, 'vitamins_and_supplements': {}, 'watches': {}, 'womens_clothing': {}}"
user19,12345,Abigail Green,"{'accessories': {}, 'baby_clothing': {}, 'baby_gear': {}, 'bakery': {}, 'bath_and_body': {}, 'bedroom': {}, 'beverages': {}, 'cameras': {}, 'children_clothing': {}, 'climate_control': {}, 'dairy_and_eggs': {}, 'diapers': {}, 'dining_room': {}, 'entertainment': {}, 'feeding_essentials': {}, 'feminine_care': {}, 'first_aid': {}, 'fitness_equipment': {}, 'footwear': {}, 'fragrances': {}, 'fresh_products': {}, 'frozen_foods': {}, 'gaming': {}, 'haircare': {}, 'headphones': {}, 'healthy_snacks': {}, 'health_and_safety': {}, 'home_cleaning': {}, 'home_decor': {}, 'hygiene': {}, 'jewelry': {}, 'kids': {}, 'kitchen_appliances': {}, 'laptops': {}, 'laundry': {}, 'living_room': {}, 'maternity_and_pregnancy': {}, 'meat_and_sea_food': {}, 'medical_supplies': {}, 'mens_clothing': {}, 'mens_grooming': {}, 'mobiles': {}, 'nursery_and_bedding': {}, 'office': {}, 'oral_care': {}, 'outdoor': {}, 'outerwear': {}, 'pantry': {}, 'personal_care': {}, 'personal_care_products': {}, 'personal_hygiene': {}, 'skincare': {}, 'small_kitchen': {}, 'smart_home': {}, 'snacks': {}, 'sports': {}, 'sportswear': {}, 'storage': {}, 'styling': {}, 'televisions': {}, 'toys_and_games': {}, 'vitamins_and_supplements': {}, 'watches': {}, 'womens_clothing': {}}"
user20,12345,Carter Adams,"{'accessories': {}, 'baby_clothing': {}, 'baby_gear': {}, 'bakery': {}, 'bath_and_body': {}, 'bedroom': {}, 'beverages': {}, 'cameras': {}, 'children_clothing': {}, 'climate_control': {}, 'dairy_and_eggs': {}, 'diapers': {}, 'dining_room': {}, 'entertainment': {}, 'feeding_essentials': {}, 'feminine_care': {}, 'first_aid': {}, 'fitness_equipment': {}, 'footwear': {}, 'fragrances': {}, 'fresh_products': {}, 'frozen_foods': {}, 'gaming': {}, 'haircare': {}, 'headphones': {}, 'healthy_snacks': {}, 'health_and_safety': {}, 'home_cleaning': {}, 'home_decor': {}, 'hygiene': {}, 'jewelry': {}, 'kids': {}, 'kitchen_appliances': {}, 'laptops': {}, 'laundry': {}, 'living_room': {}, 'maternity_and_pregnancy': {}, 'meat_and_sea_food': {}, 'medical_supplies': {}, 'mens_clothing': {}, 'mens_grooming': {}, 'mobiles': {}, 'nursery_and_bedding': {}, 'office': {}, 'oral_care': {}, 'outdoor': {}, 'outerwear': {}, 'pantry': {}, 'personal_care': {}, 'personal_care_products': {}, 'personal_hygiene': {}, 'skincare': {}, 'small_kitchen': {}, 'smart_home': {}, 'snacks': {}, 'sports': {}, 'sportswear': {}, 'storage': {}, 'styling': {}, 'televisions': {}, 'toys_and_games': {}, 'vitamins_and_supplements': {}, 'watches': {}, 'womens_clothing': {}}"
user21,12345,Evelyn Mitchell,"{'accessories': {}, 'baby_clothing': {}, 'baby_gear': {}, 'bakery': {}, 'bath_and_body': {}, 'bedroom': {}, 'beverages': {}, 'cameras': {}, 'children_clothing': {}, 'climate_control': {}, 'dairy_and_eggs': {}, 'diapers': {}, 'dining_room': {}, 'entertainment': {}, 'feeding_essentials': {}, 'feminine_care': {}, 'first_aid': {}, 'fitness_equipment': {}, 'footwear': {}, 'fragrances': {}, 'fresh_products': {}, 'frozen_foods': {}, 'gaming': {}, 'haircare': {}, 'headphones': {}, 'healthy_snacks': {}, 'health_and_safety': {}, 'home_cleaning': {}, 'home_decor': {}, 'hygiene': {}, 'jewelry': {}, 'kids': {}, 'kitchen_appliances': {}, 'laptops': {}, 'laundry': {}, 'living_room': {}, 'maternity_and_pregnancy': {}, 'meat_and_sea_food': {}, 'medical_supplies': {}, 'mens_clothing': {}, 'mens_grooming': {}, 'mobiles': {}, 'nursery_and_bedding': {}, 'office': {}, 'oral_care': {}, 'outdoor': {}, 'outerwear': {}, 'pantry': {}, 'personal_care': {}, 'personal_care_products': {}, 'personal_hygiene': {}, 'skincare': {}, 'small_kitchen': {}, 'smart_home': {}, 'snacks': {}, 'sports': {}, 'sportswear': {}, 'storage': {}, 'styling': {}, 'televisions': {}, 'toys_and_games': {}, 'vitamins_and_supplements': {}, 'watches': {}, 'womens_clothing': {}}"
user22,12345,Sebastian Martinez,"{'accessories': {}, 'baby_clothing': {}, 'baby_gear': {}, 'bakery': {}, 'bath_and_body': {}, 'bedroom': {}, 'beverages': {}, 'cameras': {}, 'children_clothing': {}, 'climate_control': {}, 'dairy_and_eggs': {}, 'diapers': {}, 'dining_room': {}, 'entertainment': {}, 'feeding_essentials': {}, 'feminine_care': {}, 'first_aid': {}, 'fitness_equipment': {}, 'footwear': {}, 'fragrances': {}, 'fresh_products': {}, 'frozen_foods': {}, 'gaming': {}, 'haircare': {}, 'headphones': {}, 'healthy_snacks': {}, 'health_and_safety': {}, 'home_cleaning': {}, 'home_decor': {}, 'hygiene': {}, 'jewelry': {}, 'kids': {}, 'kitchen_appliances': {}, 'laptops': {}, 'laundry': {}, 'living_room': {}, 'maternity_and_pregnancy': {}, 'meat_and_sea_food': {}, 'medical_supplies': {}, 'mens_clothing': {}, 'mens_grooming': {}, 'mobiles': {}, 'nursery_and_bedding': {}, 'office': {}, 'oral_care': {}, 'outdoor': {}, 'outerwear': {}, 'pantry': {}, 'personal_care': {}, 'personal_care_products': {}, 'personal_hygiene': {}, 'skincare': {}, 'small_kitchen': {}, 'smart_home': {}, 'snacks': {}, 'sports': {}, 'sportswear': {}, 'storage': {}, 'styling': {}, 'televisions': {}, 'toys_and_games': {}, 'vitamins_and_supplements': {}, 'watches': {}, 'womens_clothing': {}}"
user23,12345,Scarlett Davis,"{'accessories': {}, 'baby_clothing': {}, 'baby_gear': {}, 'bakery': {}, 'bath_and_body': {}, 'bedroom': {}, 'beverages': {}, 'cameras': {}, 'children_clothing': {}, 'climate_control': {}, 'dairy_and_eggs': {}, 'diapers': {}, 'dining_room': {}, 'entertainment': {}, 'feeding_essentials': {}, 'feminine_care': {}, 'first_aid': {}, 'fitness_equipment': {}, 'footwear': {}, 'fragrances': {}, 'fresh_products': {}, 'frozen_foods': {}, 'gaming': {}, 'haircare': {}, 'headphones': {}, 'healthy_snacks': {}, 'health_and_safety': {}, 'home_cleaning': {}, 'home_decor': {}, 'hygiene': {}, 'jewelry': {}, 'kids': {}, 'kitchen_appliances': {}, 'laptops': {}, 'laundry': {}, 'living_room': {}, 'maternity_and_pregnancy': {}, 'meat_and_sea_food': {}, 'medical_supplies': {}, 'mens_clothing': {}, 'mens_grooming': {}, 'mobiles': {}, 'nursery_and_bedding': {}, 'office': {}, 'oral_care': {}, 'outdoor': {}, 'outerwear': {}, 'pantry': {}, 'personal_care': {}, 'personal_care_products': {}, 'personal_hygiene': {}, 'skincare': {}, 'small_kitchen': {}, 'smart_home': {}, 'snacks': {}, 'sports': {}, 'sportswear': {}, 'storage': {}, 'styling': {}, 'televisions': {}, 'toys_and_games': {}, 'vitamins_and_supplements': {}, 'watches': {}, 'womens_clothing': {}}"
user24,12345,Logan Wilson,"{'accessories': {}, 'baby_clothing': {}, 'baby_gear': {}, 'bakery': {}, 'bath_and_body': {}, 'bedroom': {}, 'beverages': {}, 'cameras': {}, 'children_clothing': {}, 'climate_control': {}, 'dairy_and_eggs': {}, 'diapers': {}, 'dining_room': {}, 'entertainment': {}, 'feeding_essentials': {}, 'feminine_care': {}, 'first_aid': {}, 'fitness_equipment': {}, 'footwear': {}, 'fragrances': {}, 'fresh_products': {}, 'frozen_foods': {}, 'gaming': {}, 'haircare': {}, 'headphones': {}, 'healthy_snacks': {}, 'health_and_safety': {}, 'home_cleaning': {}, 'home_decor': {}, 'hygiene': {}, 'jewelry': {}, 'kids': {}, 'kitchen_appliances': {}, 'laptops': {}, 'laundry': {}, 'living_room': {}, 'maternity_and_pregnancy': {}, 'meat_and_sea_food': {}, 'medical_supplies': {}, 'mens_clothing': {}, 'mens_grooming': {}, 'mobiles': {}, 'nursery_and_bedding': {}, 'office': {}, 'oral_care': {}, 'outdoor': {}, 'outerwear': {}, 'pantry': {}, 'personal_care': {}, 'personal_care_products': {}, 'personal_hygiene': {}, 'skincare': {}, 'small_kitchen': {}, 'smart_home': {}, 'snacks': {}, 'sports': {}, 'sportswear': {}, 'storage': {}, 'styling': {}, 'televisions': {}, 'toys_and_games': {}, 'vitamins_and_supplements': {}, 'watches': {}, 'womens_clothing': {}}"
user25,12345,Aria Foster,"{'accessories': {}, 'baby_clothing': {}, 'baby_gear': {}, 'bakery': {}, 'bath_and_body': {}, 'bedroom': {}, 'beverages': {}, 'cameras': {}, 'children_clothing': {}, 'climate_control': {}, 'dairy_and_eggs': {}, 'diapers': {}, 'dining_room': {}, 'entertainment': {}, 'feeding_essentials': {}, 'feminine_care': {}, 'first_aid': {}, 'fitness_equipment': {}, 'footwear': {}, 'fragrances': {}, 'fresh_products': {}, 'frozen_foods': {}, 'gaming': {}, 'haircare': {}, 'headphones': {}, 'healthy_snacks': {}, 'health_and_safety': {}, 'home_cleaning': {}, 'home_decor': {}, 'hygiene': {}, 'jewelry': {}, 'kids': {}, 'kitchen_appliances': {}, 'laptops': {}, 'laundry': {}, 'living_room': {}, 'maternity_and_pregnancy': {}, 'meat_and_sea_food': {}, 'medical_supplies': {}, 'mens_clothing': {}, 'mens_grooming': {}, 'mobiles': {}, 'nursery_and_bedding': {}, 'office': {}, 'oral_care': {}, 'outdoor': {}, 'outerwear': {}, 'pantry': {}, 'personal_care': {}, 'personal_care_products': {}, 'personal_hygiene': {}, 'skincare': {}, 'small_kitchen': {}, 'smart_home': {}, 'snacks': {}, 'sports': {}, 'sportswear': {}, 'storage': {}, 'styling': {}, 'televisions': {}, 'toys_and_games': {}, 'vitamins_and_supplements': {}, 'watches': {}, 'womens_clothing': {}}"
user26,12345,Benjamin Turner,"{'accessories': {}, 'baby_clothing': {}, 'baby_gear': {}, 'bakery': {}, 'bath_and_body': {}, 'bedroom': {}, 'beverages': {}, 'cameras': {}, 'children_clothing': {}, 'climate_control': {}, 'dairy_and_eggs': {}, 'diapers': {}, 'dining_room': {}, 'entertainment': {}, 'feeding_essentials': {}, 'feminine_care': {}, 'first_aid': {}, 'fitness_equipment': {}, 'footwear': {}, 'fragrances': {}, 'fresh_products': {}, 'frozen_foods': {}, 'gaming': {}, 'haircare': {}, 'headphones': {}, 'healthy_snacks': {}, 'health_and_safety': {}, 'home_cleaning': {}, 'home_decor': {}, 'hygiene': {}, 'jewelry': {}, 'kids': {}, 'kitchen_appliances': {}, 'laptops': {}, 'laundry': {}, 'living_room': {}, 'maternity_and_pregnancy': {}, 'meat_and_sea_food': {}, 'medical_supplies': {}, 'mens_clothing': {}, 'mens_grooming': {}, 'mobiles': {}, 'nursery_and_bedding': {}, 'office': {}, 'oral_care': {}, 'outdoor': {}, 'outerwear': {}, 'pantry': {}, 'personal_care': {}, 'personal_care_products': {}, 'personal_hygiene': {}, 'skincare': {}, 'small_kitchen': {}, 'smart_home': {}, 'snacks': {}, 'sports': {}, 'sportswear': {}, 'storage': {}, 'styling': {}, 'televisions': {}, 'toys_and_games': {}, 'vitamins_and_supplements': {}, 'watches': {}, 'womens_clothing': {}}"
user27,12345,Luna Garcia,"{'accessories': {}, 'baby_clothing': {}, 'baby_gear': {}, 'bakery': {}, 'bath_and_body': {}, 'bedroom': {}, 'beverages': {}, 'cameras': {}, 'children_clothing': {}, 'climate_control': {}, 'dairy_and_eggs': {}, 'diapers': {}, 'dining_room': {}, 'entertainment': {}, 'feeding_essentials': {}, 'feminine_care': {}, 'first_aid': {}, 'fitness_equipment': {}, 'footwear': {}, 'fragrances': {}, 'fresh_products': {}, 'frozen_foods': {}, 'gaming': {}, 'haircare': {}, 'headphones': {}, 'healthy_snacks': {}, 'health_and_safety': {}, 'home_cleaning': {}, 'home_decor': {}, 'hygiene': {}, 'jewelry': {}, 'kids': {}, 'kitchen_appliances': {}, 'laptops': {}, 'laundry': {}, 'living_room': {}, 'maternity_and_pregnancy': {}, 'meat_and_sea_food': {}, 'medical_supplies': {}, 'mens_clothing': {}, 'mens_grooming': {}, 'mobiles': {}, 'nursery_and_bedding': {}, 'office': {}, 'oral_care': {}, 'outdoor': {}, 'outerwear': {}, 'pantry': {}, 'personal_care': {}, 'personal_care_products': {}, 'personal_hygiene': {}, 'skincare': {}, 'small_kitchen': {}, 'smart_home': {}, 'snacks': {}, 'sports': {}, 'sportswear': {}, 'storage': {}, 'styling': {}, 'televisions': {}, 'toys_and_games': {}, 'vitamins_and_supplements': {}, 'watches': {}, 'womens_clothing': {}}"
user28,12345,Henry Smith,"{'accessories': {}, 'baby_clothing': {}, 'baby_gear': {}, 'bakery': {}, 'bath_and_body': {}, 'bedroom': {}, 'beverages': {}, 'cameras': {}, 'children_clothing': {}, 'climate_control': {}, 'dairy_and_eggs': {}, 'diapers': {}, 'dining_room': {}, 'entertainment': {}, 'feeding_essentials': {}, 'feminine_care': {}, 'first_aid': {}, 'fitness_equipment': {}, 'footwear': {}, 'fragrances': {}, 'fresh_products': {}, 'frozen_foods': {}, 'gaming': {}, 'haircare': {}, 'headphones': {}, 'healthy_snacks': {}, 'health_and_safety': {}, 'home_cleaning': {}, 'home_decor': {}, 'hygiene': {}, 'jewelry': {}, 'kids': {}, 'kitchen_appliances': {}, 'laptops': {}, 'laundry': {}, 'living_room': {}, 'maternity_and_pregnancy': {}, 'meat_and_sea_food': {}, 'medical_supplies': {}, 'mens_clothing': {}, 'mens_grooming': {}, 'mobiles': {}, 'nursery_and_bedding': {}, 'office': {}, 'oral_care': {}, 'outdoor': {}, 'outerwear': {}, 'pantry': {}, 'personal_care': {}, 'personal_care_products': {}, 'personal_hygiene': {}, 'skincare': {}, 'small_kitchen': {}, 'smart_home': {}, 'snacks': {}, 'sports': {}, 'sportswear': {}, 'storage': {}, 'styling': {}, 'televisions': {}, 'toys_and_games': {}, 'vitamins_and_supplements': {}, 'watches': {}, 'womens_clothing': {}}"
user29,12345,Stella Rivera,"{'accessories': {}, 'baby_clothing': {}, 'baby_gear': {}, 'bakery': {}, 'bath_and_body': {}, 'bedroom': {}, 'beverages': {}, 'cameras': {}, 'children_clothing': {}, 'climate_control': {}, 'dairy_and_eggs': {}, 'diapers': {}, 'dining_room': {}, 'entertainment': {}, 'feeding_essentials': {}, 'feminine_care': {}, 'first_aid': {}, 'fitness_equipment': {}, 'footwear': {}, 'fragrances': {}, 'fresh_products': {}, 'frozen_foods': {}, 'gaming': {}, 'haircare': {}, 'headphones': {}, 'healthy_snacks': {}, 'health_and_safety': {}, 'home_cleaning': {}, 'home_decor': {}, 'hygiene': {}, 'jewelry': {}, 'kids': {}, 'kitchen_appliances': {}, 'laptops': {}, 'laundry': {}, 'living_room': {}, 'maternity_and_pregnancy': {}, 'meat_and_sea_food': {}, 'medical_supplies': {}, 'mens_clothing': {}, 'mens_grooming': {}, 'mobiles': {}, 'nursery_and_bedding': {}, 'office': {}, 'oral_care': {}, 'outdoor': {}, 'outerwear': {}, 'pantry': {}, 'personal_care': {}, 'personal_care_products': {}, 'personal_hygiene': {}, 'skincare': {}, 'small_kitchen': {}, 'smart_home': {}, 'snacks': {}, 'sports': {}, 'sportswear': {}, 'storage': {}, 'styling': {}, 'televisions': {}, 'toys_and_games': {}, 'vitamins_and_supplements': {}, 'watches': {}, 'womens_clothing': {}}"
user30,12345,Alexander Clark,"{'accessories': {}, 'baby_clothing': {}, 'baby_gear': {}, 'bakery': {}, 'bath_and_body': {}, 'bedroom': {}, 'beverages': {}, 'cameras': {}, 'children_clothing': {}, 'climate_control': {}, 'dairy_and_eggs': {}, 'diapers': {}, 'dining_room': {}, 'entertainment': {}, 'feeding_essentials': {}, 'feminine_care': {}, 'first_aid': {}, 'fitness_equipment': {}, 'footwear': {}, 'fragrances': {}, 'fresh_products': {}, 'frozen_foods': {}, 'gaming': {}, 'haircare': {}, 'headphones': {}, 'healthy_snacks': {}, 'health_and_safety': {}, 'home_cleaning': {}, 'home_decor': {}, 'hygiene': {}, 'jewelry': {}, 'kids': {}, 'kitchen_appliances': {}, 'laptops': {}, 'laundry': {}, 'living_room': {}, 'maternity_and_pregnancy': {}, 'meat_and_sea_food': {}, 'medical_supplies': {}, 'mens_clothing': {}, 'mens_grooming': {}, 'mobiles': {}, 'nursery_and_bedding': {}, 'office': {}, 'oral_care': {}, 'outdoor': {}, 'outerwear': {}, 'pantry': {}, 'personal_care': {}, 'personal_care_products': {}, 'personal_hygiene': {}, 'skincare': {}, 'small_kitchen': {}, 'smart_home': {}, 'snacks': {}, 'sports': {}, 'sportswear': {}, 'storage': {}, 'styling': {}, 'televisions': {}, 'toys_and_games': {}, 'vitamins_and_supplements': {}, 'watches': {}, 'womens_clothing': {}}"
user31,12345,Chloe Allen,"{'accessories': {}, 'baby_clothing': {}, 'baby_gear': {}, 'bakery': {}, 'bath_and_body': {}, 'bedroom': {}, 'beverages': {}, 'cameras': {}, 'children_clothing': {}, 'climate_control': {}, 'dairy_and_eggs': {}, 'diapers': {}, 'dining_room': {}, 'entertainment': {}, 'feeding_essentials': {}, 'feminine_care': {}, 'first_aid': {}, 'fitness_equipment': {}, 'footwear': {}, 'fragrances': {}, 'fresh_products': {}, 'frozen_foods': {}, 'gaming': {}, 'haircare': {}, 'headphones': {}, 'healthy_snacks': {}, 'health_and_safety': {}, 'home_cleaning': {}, 'home_decor': {}, 'hygiene': {}, 'jewelry': {}, 'kids': {}, 'kitchen_appliances': {}, 'laptops': {}, 'laundry': {}, 'living_room': {}, 'maternity_and_pregnancy': {}, 'meat_and_sea_food': {}, 'medical_supplies': {}, 'mens_clothing': {}, 'mens_grooming': {}, 'mobiles': {}, 'nursery_and_bedding': {}, 'office': {}, 'oral_care': {}, 'outdoor': {}, 'outerwear': {}, 'pantry': {}, 'personal_care': {}, 'personal_care_products': {}, 'personal_hygiene': {}, 'skincare': {}, 'small_kitchen': {}, 'smart_home': {}, 'snacks': {}, 'sports': {}, 'sportswear': {}, 'storage': {}, 'styling': {}, 'televisions': {}, 'toys_and_games': {}, 'vitamins_and_supplements': {}, 'watches': {}, 'womens_clothing': {}}"
user32,12345,James King,"{'accessories': {}, 'baby_clothing': {}, 'baby_gear': {}, 'bakery': {}, 'bath_and_body': {}, 'bedroom': {}, 'beverages': {}, 'cameras': {}, 'children_clothing': {}, 'climate_control': {}, 'dairy_and_eggs': {}, 'diapers': {}, 'dining_room': {}, 'entertainment': {}, 'feeding_essentials': {}, 'feminine_care': {}, 'first_aid': {}, 'fitness_equipment': {}, 'footwear': {}, 'fragrances': {}, 'fresh_products': {}, 'frozen_foods': {}, 'gaming': {}, 'haircare': {}, 'headphones': {}, 'healthy_snacks': {}, 'health_and_safety': {}, 'home_cleaning': {}, 'home_decor': {}, 'hygiene': {}, 'jewelry': {}, 'kids': {}, 'kitchen_appliances': {}, 'laptops': {}, 'laundry': {}, 'living_room': {}, 'maternity_and_pregnancy': {}, 'meat_and_sea_food': {}, 'medical_supplies': {}, 'mens_clothing': {}, 'mens_grooming': {}, 'mobiles': {}, 'nursery_and_bedding': {}, 'office': {}, 'oral_care': {}, 'outdoor': {}, 'outerwear': {}, 'pantry': {}, 'personal_care': {}, 'personal_care_products': {}, 'personal_hygiene': {}, 'skincare': {}, 'small_kitchen': {}, 'smart_home': {}, 'snacks': {}, 'sports': {}, 'sportswear': {}, 'storage': {}, 'styling': {}, 'televisions': {}, 'toys_and_games': {}, 'vitamins_and_supplements': {}, 'watches': {}, 'womens_clothing': {}}"
user33,12345,Lily Cooper,"{'accessories': {}, 'baby_clothing': {}, 'baby_gear': {}, 'bakery': {}, 'bath_and_body': {}, 'bedroom': {}, 'beverages': {}, 'cameras': {}, 'children_clothing': {}, 'climate_control': {}, 'dairy_and_eggs': {}, 'diapers': {}, 'dining_room': {}, 'entertainment': {}, 'feeding_essentials': {}, 'feminine_care': {}, 'first_aid': {}, 'fitness_equipment': {}, 'footwear': {}, 'fragrances': {}, 'fresh_products': {}, 'frozen_foods': {}, 'gaming': {}, 'haircare': {}, 'headphones': {}, 'healthy_snacks': {}, 'health_and_safety': {}, 'home_cleaning': {}, 'home_decor': {}, 'hygiene': {}, 'jewelry': {}, 'kids': {}, 'kitchen_appliances': {}, 'laptops': {}, 'laundry': {}, 'living_room': {}, 'maternity_and_pregnancy': {}, 'meat_and_sea_food': {}, 'medical_supplies': {}, 'mens_clothing': {}, 'mens_grooming': {}, 'mobiles': {}, 'nursery_and_bedding': {}, 'office': {}, 'oral_care': {}, 'outdoor': {}, 'outerwear': {}, 'pantry': {}, 'personal_care': {}, 'personal_care_products': {}, 'personal_hygiene': {}, 'skincare': {}, 'small_kitchen': {}, 'smart_home': {}, 'snacks': {}, 'sports': {}, 'sportswear': {}, 'storage': {}, 'styling': {}, 'televisions': {}, 'toys_and_games': {}, 'vitamins_and_supplements': {}, 'watches': {}, 'womens_clothing': {}}"
user34,12345,William Ward,"{'accessories': {}, 'baby_clothing': {}, 'baby_gear': {}, 'bakery': {}, 'bath_and_body': {}, 'bedroom': {}, 'beverages': {}, 'cameras': {}, 'children_clothing': {}, 'climate_control': {}, 'dairy_and_eggs': {}, 'diapers': {}, 'dining_room': {}, 'entertainment': {}, 'feeding_essentials': {}, 'feminine_care': {}, 'first_aid': {}, 'fitness_equipment': {}, 'footwear': {}, 'fragrances': {}, 'fresh_products': {}, 'frozen_foods': {}, 'gaming': {}, 'haircare': {}, 'headphones': {}, 'healthy_snacks': {}, 'health_and_safety': {}, 'home_cleaning': {}, 'home_decor': {}, 'hygiene': {}, 'jewelry': {}, 'kids': {}, 'kitchen_appliances': {}, 'laptops': {}, 'laundry': {}, 'living_room': {}, 'maternity_and_pregnancy': {}, 'meat_and_sea_food': {}, 'medical_supplies': {}, 'mens_clothing': {}, 'mens_grooming': {}, 'mobiles': {}, 'nursery_and_bedding': {}, 'office': {}, 'oral_care': {}, 'outdoor': {}, 'outerwear': {}, 'pantry': {}, 'personal_care': {}, 'personal_care_products': {}, 'personal_hygiene': {}, 'skincare': {}, 'small_kitchen': {}, 'smart_home': {}, 'snacks': {}, 'sports': {}, 'sportswear': {}, 'storage': {}, 'styling': {}, 'televisions': {}, 'toys_and_games': {}, 'vitamins_and_supplements': {}, 'watches': {}, 'womens_clothing': {}}"
user35,12345,Grace Lee,"{'accessories': {}, 'baby_clothing': {}, 'baby_gear': {}, 'bakery': {}, 'bath_and_body': {}, 'bedroom': {}, 'beverages': {}, 'cameras': {}, 'children_clothing': {}, 'climate_control': {}, 'dairy_and_eggs': {}, 'diapers': {}, 'dining_room': {}, 'entertainment': {}, 'feeding_essentials': {}, 'feminine_care': {}, 'first_aid': {}, 'fitness_equipment': {}, 'footwear': {}, 'fragrances': {}, 'fresh_products': {}, 'frozen_foods': {}, 'gaming': {}, 'haircare': {}, 'headphones': {}, 'healthy_snacks': {}, 'health_and_safety': {}, 'home_cleaning': {}, 'home_decor': {}, 'hygiene': {}, 'jewelry': {}, 'kids': {}, 'kitchen_appliances': {}, 'laptops': {}, 'laundry': {}, 'living_room': {}, 'maternity_and_pregnancy': {}, 'meat_and_sea_food': {}, 'medical_supplies': {}, 'mens_clothing': {}, 'mens_grooming': {}, 'mobiles': {}, 'nursery_and_bedding': {}, 'office': {}, 'oral_care': {}, 'outdoor': {}, 'outerwear': {}, 'pantry': {}, 'personal_care': {}, 'personal_care_products': {}, 'personal_hygiene': {}, 'skincare': {}, 'small_kitchen': {}, 'smart_home': {}, 'snacks': {}, 'sports': {}, 'sportswear': {}, 'storage': {}, 'styling': {}, 'televisions': {}, 'toys_and_games': {}, 'vitamins_and_supplements': {}, 'watches': {}, 'womens_clothing': {}}"
user36,12345,Michael Hughes,"{'accessories': {}, 'baby_clothing': {}, 'baby_gear': {}, 'bakery': {}, 'bath_and_body': {}, 'bedroom': {}, 'beverages': {}, 'cameras': {}, 'children_clothing': {}, 'climate_control': {}, 'dairy_and_eggs': {}, 'diapers': {}, 'dining_room': {}, 'entertainment': {}, 'feeding_essentials': {}, 'feminine_care': {}, 'first_aid': {}, 'fitness_equipment': {}, 'footwear': {}, 'fragrances': {}, 'fresh_products': {}, 'frozen_foods': {}, 'gaming': {}, 'haircare': {}, 'headphones': {}, 'healthy_snacks': {}, 'health_and_safety': {}, 'home_cleaning': {}, 'home_decor': {}, 'hygiene': {}, 'jewelry': {}, 'kids': {}, 'kitchen_appliances': {}, 'laptops': {}, 'laundry': {}, 'living_room': {}, 'maternity_and_pregnancy': {}, 'meat_and_sea_food': {}, 'medical_supplies': {}, 'mens_clothing': {}, 'mens_grooming': {}, 'mobiles': {}, 'nursery_and_bedding': {}, 'office': {}, 'oral_care': {}, 'outdoor': {}, 'outerwear': {}, 'pantry': {}, 'personal_care': {}, 'personal_care_products': {}, 'personal_hygiene': {}, 'skincare': {}, 'small_kitchen': {}, 'smart_home': {}, 'snacks': {}, 'sports': {}, 'sportswear': {}, 'storage': {}, 'styling': {}, 'televisions': {}, 'toys_and_games': {}, 'vitamins_and_supplements': {}, 'watches': {}, 'womens_clothing': {}}"
user37,12345,Emily Parker,"{'accessories': {}, 'baby_clothing': {}, 'baby_gear': {}, 'bakery': {}, 'bath_and_body': {}, 'bedroom': {}, 'beverages': {}, 'cameras': {}, 'children_clothing': {}, 'climate_control': {}, 'dairy_and_eggs': {}, 'diapers': {}, 'dining_room': {}, 'entertainment': {}, 'feeding_essentials': {}, 'feminine_care': {}, 'first_aid': {}, 'fitness_equipment': {}, 'footwear': {}, 'fragrances': {}, 'fresh_products': {}, 'frozen_foods': {}, 'gaming': {}, 'haircare': {}, 'headphones': {}, 'healthy_snacks': {}, 'health_and_safety': {}, 'home_cleaning': {}, 'home_decor': {}, 'hygiene': {}, 'jewelry': {}, 'kids': {}, 'kitchen_appliances': {}, 'laptops': {}, 'laundry': {}, 'living_room': {}, 'maternity_and_pregnancy': {}, 'meat_and_sea_food': {}, 'medical_supplies': {}, 'mens_clothing': {}, 'mens_grooming': {}, 'mobiles': {}, 'nursery_and_bedding': {}, 'office': {}, 'oral_care': {}, 'outdoor': {}, 'outerwear': {}, 'pantry': {}, 'personal_care': {}, 'personal_care_products': {}, 'personal_hygiene': {}, 'skincare': {}, 'small_kitchen': {}, 'smart_home': {}, 'snacks': {}, 'sports': {}, 'sportswear': {}, 'storage': {}, 'styling': {}, 'televisions': {}, 'toys_and_games': {}, 'vitamins_and_supplements': {}, 'watches': {}, 'womens_clothing': {}}"
user38,12345,Daniel Morris,"{'accessories': {}, 'baby_clothing': {}, 'baby_gear': {}, 'bakery': {}, 'bath_and_body': {}, 'bedroom': {}, 'beverages': {}, 'cameras': {}, 'children_clothing': {}, 'climate_control': {}, 'dairy_and_eggs': {}, 'diapers': {}, 'dining_room': {}, 'entertainment': {}, 'feeding_essentials': {}, 'feminine_care': {}, 'first_aid': {}, 'fitness_equipment': {}, 'footwear': {}, 'fragrances': {}, 'fresh_products': {}, 'frozen_foods': {}, 'gaming': {}, 'haircare': {}, 'headphones': {}, 'healthy_snacks': {}, 'health_and_safety': {}, 'home_cleaning': {}, 'home_decor': {}, 'hygiene': {}, 'jewelry': {}, 'kids': {}, 'kitchen_appliances': {}, 'laptops': {}, 'laundry': {}, 'living_room': {}, 'maternity_and_pregnancy': {}, 'meat_and_sea_food': {}, 'medical_supplies': {}, 'mens_clothing': {}, 'mens_grooming': {}, 'mobiles': {}, 'nursery_and_bedding': {}, 'office': {}, 'oral_care': {}, 'outdoor': {}, 'outerwear': {}, 'pantry': {}, 'personal_care': {}, 'personal_care_products': {}, 'personal_hygiene': {}, 'skincare': {}, 'small_kitchen': {}, 'smart_home': {}, 'snacks': {}, 'sports': {}, 'sportswear': {}, 'storage': {}, 'styling': {}, 'televisions': {}, 'toys_and_games': {}, 'vitamins_and_supplements': {}, 'watches': {}, 'womens_clothing': {}}"
user39,12345,Victoria Bennett,"{'accessories': {}, 'baby_clothing': {}, 'baby_gear': {}, 'bakery': {}, 'bath_and_body': {}, 'bedroom': {}, 'beverages': {}, 'cameras': {}, 'children_clothing': {}, 'climate_control': {}, 'dairy_and_eggs': {}, 'diapers': {}, 'dining_room': {}, 'entertainment': {}, 'feeding_essentials': {}, 'feminine_care': {}, 'first_aid': {}, 'fitness_equipment': {}, 'footwear': {}, 'fragrances': {}, 'fresh_products': {}, 'frozen_foods': {}, 'gaming': {}, 'haircare': {}, 'headphones': {}, 'healthy_snacks': {}, 'health_and_safety': {}, 'home_cleaning': {}, 'home_decor': {}, 'hygiene': {}, 'jewelry': {}, 'kids': {}, 'kitchen_appliances': {}, 'laptops': {}, 'laundry': {}, 'living_room': {}, 'maternity_and_pregnancy': {}, 'meat_and_sea_food': {}, 'medical_supplies': {}, 'mens_clothing': {}, 'mens_grooming': {}, 'mobiles': {}, 'nursery_and_bedding': {}, 'office': {}, 'oral_care': {}, 'outdoor': {}, 'outerwear': {}, 'pantry': {}, 'personal_care': {}, 'personal_care_products': {}, 'personal_hygiene': {}, 'skincare': {}, 'small_kitchen': {}, 'smart_home': {}, 'snacks': {}, 'sports': {}, 'sportswear': {}, 'storage': {}, 'styling': {}, 'televisions': {}, 'toys_and_games': {}, 'vitamins_and_supplements': {}, 'watches': {}, 'womens_clothing': {}}"
user40,12345,Joseph Ramirez,"{'accessories': {}, 'baby_clothing': {}, 'baby_gear': {}, 'bakery': {}, 'bath_and_body': {}, 'bedroom': {}, 'beverages': {}, 'cameras': {}, 'children_clothing': {}, 'climate_control': {}, 'dairy_and_eggs': {}, 'diapers': {}, 'dining_room': {}, 'entertainment': {}, 'feeding_essentials': {}, 'feminine_care': {}, 'first_aid': {}, 'fitness_equipment': {}, 'footwear': {}, 'fragrances': {}, 'fresh_products': {}, 'frozen_foods': {}, 'gaming': {}, 'haircare': {}, 'headphones': {}, 'healthy_snacks': {}, 'health_and_safety': {}, 'home_cleaning': {}, 'home_decor': {}, 'hygiene': {}, 'jewelry': {}, 'kids': {}, 'kitchen_appliances': {}, 'laptops': {}, 'laundry': {}, 'living_room': {}, 'maternity_and_pregnancy': {}, 'meat_and_sea_food': {}, 'medical_supplies': {}, 'mens_clothing': {}, 'mens_grooming': {}, 'mobiles': {}, 'nursery_and_bedding': {}, 'office': {}, 'oral_care': {}, 'outdoor': {}, 'outerwear': {}, 'pantry': {}, 'personal_care': {}, 'personal_care_products': {}, 'personal_hygiene': {}, 'skincare': {}, 'small_kitchen': {}, 'smart_home': {}, 'snacks': {}, 'sports': {}, 'sportswear': {}, 'storage': {}, 'styling': {}, 'televisions': {}, 'toys_and_games': {}, 'vitamins_and_supplements': {}, 'watches': {}, 'womens_clothing': {}}"
user41,12345,Riley Brown,"{'accessories': {}, 'baby_clothing': {}, 'baby_gear': {}, 'bakery': {}, 'bath_and_body': {}, 'bedroom': {}, 'beverages': {}, 'cameras': {}, 'children_clothing': {}, 'climate_control': {}, 'dairy_and_eggs': {}, 'diapers': {}, 'dining_room': {}, 'entertainment': {}, 'feeding_essentials': {}, 'feminine_care': {}, 'first_aid': {}, 'fitness_equipment': {}, 'footwear': {}, 'fragrances': {}, 'fresh_products': {}, 'frozen_foods': {}, 'gaming': {}, 'haircare': {}, 'headphones': {}, 'healthy_snacks': {}, 'health_and_safety': {}, 'home_cleaning': {}, 'home_decor': {}, 'hygiene': {}, 'jewelry': {}, 'kids': {}, 'kitchen_appliances': {}, 'laptops': {}, 'laundry': {}, 'living_room': {}, 'maternity_and_pregnancy': {}, 'meat_and_sea_food': {}, 'medical_supplies': {}, 'mens_clothing': {}, 'mens_grooming': {}, 'mobiles': {}, 'nursery_and_bedding': {}, 'office': {}, 'oral_care': {}, 'outdoor': {}, 'outerwear': {}, 'pantry': {}, 'personal_care': {}, 'personal_care_products': {}, 'personal_hygiene': {}, 'skincare': {}, 'small_kitchen': {}, 'smart_home': {}, 'snacks': {}, 'sports': {}, 'sportswear': {}, 'storage': {}, 'styling': {}, 'televisions': {}, 'toys_and_games': {}, 'vitamins_and_supplements': {}, 'watches': {}, 'womens_clothing': {}}"
user42,12345,Samuel Bailey,"{'accessories': {}, 'baby_clothing': {}, 'baby_gear': {}, 'bakery': {}, 'bath_and_body': {}, 'bedroom': {}, 'beverages': {}, 'cameras': {}, 'children_clothing': {}, 'climate_control': {}, 'dairy_and_eggs': {}, 'diapers': {}, 'dining_room': {}, 'entertainment': {}, 'feeding_essentials': {}, 'feminine_care': {}, 'first_aid': {}, 'fitness_equipment': {}, 'footwear': {}, 'fragrances': {}, 'fresh_products': {}, 'frozen_foods': {}, 'gaming': {}, 'haircare': {}, 'headphones': {}, 'healthy_snacks': {}, 'health_and_safety': {}, 'home_cleaning': {}, 'home_decor': {}, 'hygiene': {}, 'jewelry': {}, 'kids': {}, 'kitchen_appliances': {}, 'laptops': {}, 'laundry': {}, 'living_room': {}, 'maternity_and_pregnancy': {}, 'meat_and_sea_food': {}, 'medical_supplies': {}, 'mens_clothing': {}, 'mens_grooming': {}, 'mobiles': {}, 'nursery_and_bedding': {}, 'office': {}, 'oral_care': {}, 'outdoor': {}, 'outerwear': {}, 'pantry': {}, 'personal_care': {}, 'personal_care_products': {}, 'personal_hygiene': {}, 'skincare': {}, 'small_kitchen': {}, 'smart_home': {}, 'snacks': {}, 'sports': {}, 'sportswear': {}, 'storage': {}, 'styling': {}, 'televisions': {}, 'toys_and_games': {}, 'vitamins_and_supplements': {}, 'watches': {}, 'womens_clothing': {}}"
user43,12345,Zoey Roberts,"{'accessories': {}, 'baby_clothing': {}, 'baby_gear': {}, 'bakery': {}, 'bath_and_body': {}, 'bedroom': {}, 'beverages': {}, 'cameras': {}, 'children_clothing': {}, 'climate_control': {}, 'dairy_and_eggs': {}, 'diapers': {}, 'dining_room': {}, 'entertainment': {}, 'feeding_essentials': {}, 'feminine_care': {}, 'first_aid': {}, 'fitness_equipment': {}, 'footwear': {}, 'fragrances': {}, 'fresh_products': {}, 'frozen_foods': {}, 'gaming': {}, 'haircare': {}, 'headphones': {}, 'healthy_snacks': {}, 'health_and_safety': {}, 'home_cleaning': {}, 'home_decor': {}, 'hygiene': {}, 'jewelry': {}, 'kids': {}, 'kitchen_appliances': {}, 'laptops': {}, 'laundry': {}, 'living_room': {}, 'maternity_and_pregnancy': {}, 'meat_and_sea_food': {}, 'medical_supplies': {}, 'mens_clothing': {}, 'mens_grooming': {}, 'mobiles': {}, 'nursery_and_bedding': {}, 'office': {}, 'oral_care': {}, 'outdoor': {}, 'outerwear': {}, 'pantry': {}, 'personal_care': {}, 'personal_care_products': {}, 'personal_hygiene': {}, 'skincare': {}, 'small_kitchen': {}, 'smart_home': {}, 'snacks': {}, 'sports': {}, 'sportswear': {}, 'storage': {}, 'styling': {}, 'televisions': {}, 'toys_and_games': {}, 'vitamins_and_supplements': {}, 'watches': {}, 'womens_clothing': {}}"
user44,12345,David Johnson,"{'accessories': {}, 'baby_clothing': {}, 'baby_gear': {}, 'bakery': {}, 'bath_and_body': {}, 'bedroom': {}, 'beverages': {}, 'cameras': {}, 'children_clothing': {}, 'climate_control': {}, 'dairy_and_eggs': {}, 'diapers': {}, 'dining_room': {}, 'entertainment': {}, 'feeding_essentials': {}, 'feminine_care': {}, 'first_aid': {}, 'fitness_equipment': {}, 'footwear': {}, 'fragrances': {}, 'fresh_products': {}, 'frozen_foods': {}, 'gaming': {}, 'haircare': {}, 'headphones': {}, 'healthy_snacks': {}, 'health_and_safety': {}, 'home_cleaning': {}, 'home_decor': {}, 'hygiene': {}, 'jewelry': {}, 'kids': {}, 'kitchen_appliances': {}, 'laptops': {}, 'laundry': {}, 'living_room': {}, 'maternity_and_pregnancy': {}, 'meat_and_sea_food': {}, 'medical_supplies': {}, 'mens_clothing': {}, 'mens_grooming': {}, 'mobiles': {}, 'nursery_and_bedding': {}, 'office': {}, 'oral_care': {}, 'outdoor': {}, 'outerwear': {}, 'pantry': {}, 'personal_care': {}, 'personal_care_products': {}, 'personal_hygiene': {}, 'skincare': {}, 'small_kitchen': {}, 'smart_home': {}, 'snacks': {}, 'sports': {}, 'sportswear': {}, 'storage': {}, 'styling': {}, 'televisions': {}, 'toys_and_games': {}, 'vitamins_and_supplements': {}, 'watches': {}, 'womens_clothing': {}}"
user45,12345,Penelope Reed,"{'accessories': {}, 'baby_clothing': {}, 'baby_gear': {}, 'bakery': {}, 'bath_and_body': {}, 'bedroom': {}, 'beverages': {}, 'cameras': {}, 'children_clothing': {}, 'climate_control': {}, 'dairy_and_eggs': {}, 'diapers': {}, 'dining_room': {}, 'entertainment': {}, 'feeding_essentials': {}, 'feminine_care': {}, 'first_aid': {}, 'fitness_equipment': {}, 'footwear': {}, 'fragrances': {}, 'fresh_products': {}, 'frozen_foods': {}, 'gaming': {}, 'haircare': {}, 'headphones': {}, 'healthy_snacks': {}, 'health_and_safety': {}, 'home_cleaning': {}, 'home_decor': {}, 'hygiene': {}, 'jewelry': {}, 'kids': {}, 'kitchen_appliances': {}, 'laptops': {}, 'laundry': {}, 'living_room': {}, 'maternity_and_pregnancy': {}, 'meat_and_sea_food': {}, 'medical_supplies': {}, 'mens_clothing': {}, 'mens_grooming': {}, 'mobiles': {}, 'nursery_and_bedding': {}, 'office': {}, 'oral_care': {}, 'outdoor': {}, 'outerwear': {}, 'pantry': {}, 'personal_care': {}, 'personal_care_products': {}, 'personal_hygiene': {}, 'skincare': {}, 'small_kitchen': {}, 'smart_home': {}, 'snacks': {}, 'sports': {}, 'sportswear': {}, 'storage': {}, 'styling': {}, 'televisions': {}, 'toys_and_games': {}, 'vitamins_and_supplements': {}, 'watches': {}, 'womens_clothing': {}}"
user46,12345,Matthew Carter,"{'accessories': {}, 'baby_clothing': {}, 'baby_gear': {}, 'bakery': {}, 'bath_and_body': {}, 'bedroom': {}, 'beverages': {}, 'cameras': {}, 'children_clothing': {}, 'climate_control': {}, 'dairy_and_eggs': {}, 'diapers': {}, 'dining_room': {}, 'entertainment': {}, 'feeding_essentials': {}, 'feminine_care': {}, 'first_aid': {}, 'fitness_equipment': {}, 'footwear': {}, 'fragrances': {}, 'fresh_products': {}, 'frozen_foods': {}, 'gaming': {}, 'haircare': {}, 'headphones': {}, 'healthy_snacks': {}, 'health_and_safety': {}, 'home_cleaning': {}, 'home_decor': {}, 'hygiene': {}, 'jewelry': {}, 'kids': {}, 'kitchen_appliances': {}, 'laptops': {}, 'laundry': {}, 'living_room': {}, 'maternity_and_pregnancy': {}, 'meat_and_sea_food': {}, 'medical_supplies': {}, 'mens_clothing': {}, 'mens_grooming': {}, 'mobiles': {}, 'nursery_and_bedding': {}, 'office': {}, 'oral_care': {}, 'outdoor': {}, 'outerwear': {}, 'pantry': {}, 'personal_care': {}, 'personal_care_products': {}, 'personal_hygiene': {}, 'skincare': {}, 'small_kitchen': {}, 'smart_home': {}, 'snacks': {}, 'sports': {}, 'sportswear': {}, 'storage': {}, 'styling': {}, 'televisions': {}, 'toys_and_games': {}, 'vitamins_and_supplements': {}, 'watches': {}, 'womens_clothing': {}}"
user47,12345,Ava Mitchell,"{'accessories': {}, 'baby_clothing': {}, 'baby_gear': {}, 'bakery': {}, 'bath_and_body': {}, 'bedroom': {}, 'beverages': {}, 'cameras': {}, 'children_clothing': {}, 'climate_control': {}, 'dairy_and_eggs': {}, 'diapers': {}, 'dining_room': {}, 'entertainment': {}, 'feeding_essentials': {}, 'feminine_care': {}, 'first_aid': {}, 'fitness_equipment': {}, 'footwear': {}, 'fragrances': {}, 'fresh_products': {}, 'frozen_foods': {}, 'gaming': {}, 'haircare': {}, 'headphones': {}, 'healthy_snacks': {}, 'health_and_safety': {}, 'home_cleaning': {}, 'home_decor': {}, 'hygiene': {}, 'jewelry': {}, 'kids': {}, 'kitchen_appliances': {}, 'laptops': {}, 'laundry': {}, 'living_room': {}, 'maternity_and_pregnancy': {}, 'meat_and_sea_food': {}, 'medical_supplies': {}, 'mens_clothing': {}, 'mens_grooming': {}, 'mobiles': {}, 'nursery_and_bedding': {}, 'office': {}, 'oral_care': {}, 'outdoor': {}, 'outerwear': {}, 'pantry': {}, 'personal_care': {}, 'personal_care_products': {}, 'personal_hygiene': {}, 'skincare': {}, 'small_kitchen': {}, 'smart_home': {}, 'snacks': {}, 'sports': {}, 'sportswear': {}, 'storage': {}, 'styling': {}, 'televisions': {}, 'toys_and_games': {}, 'vitamins_and_supplements': {}, 'watches': {}, 'womens_clothing': {}}"
user48,12345,Andrew Wright,"{'accessories': {}, 'baby_clothing': {}, 'baby_gear': {}, 'bakery': {}, 'bath_and_body': {}, 'bedroom': {}, 'beverages': {}, 'cameras': {}, 'children_clothing': {}, 'climate_control': {}, 'dairy_and_eggs': {}, 'diapers': {}, 'dining_room': {}, 'entertainment': {}, 'feeding_essentials': {}, 'feminine_care': {}, 'first_aid': {}, 'fitness_equipment': {}, 'footwear': {}, 'fragrances': {}, 'fresh_products': {}, 'frozen_foods': {}, 'gaming': {}, 'haircare': {}, 'headphones': {}, 'healthy_snacks': {}, 'health_and_safety': {}, 'home_cleaning': {}, 'home_decor': {}, 'hygiene': {}, 'jewelry': {}, 'kids': {}, 'kitchen_appliances': {}, 'laptops': {}, 'laundry': {}, 'living_room': {}, 'maternity_and_pregnancy': {}, 'meat_and_sea_food': {}, 'medical_supplies': {}, 'mens_clothing': {}, 'mens_grooming': {}, 'mobiles': {}, 'nursery_and_bedding': {}, 'office': {}, 'oral_care': {}, 'outdoor': {}, 'outerwear': {}, 'pantry': {}, 'personal_care': {}, 'personal_care_products': {}, 'personal_hygiene': {}, 'skincare': {}, 'small_kitchen': {}, 'smart_home': {}, 'snacks': {}, 'sports': {}, 'sportswear': {}, 'storage': {}, 'styling': {}, 'televisions': {}, 'toys_and_games': {}, 'vitamins_and_supplements': {}, 'watches': {}, 'womens_clothing': {}}"
user49,12345,Sofia Adams,"{'accessories': {}, 'baby_clothing': {}, 'baby_gear': {}, 'bakery': {}, 'bath_and_body': {}, 'bedroom': {}, 'beverages': {}, 'cameras': {}, 'children_clothing': {}, 'climate_control': {}, 'dairy_and_eggs': {}, 'diapers': {}, 'dining_room': {}, 'entertainment': {}, 'feeding_essentials': {}, 'feminine_care': {}, 'first_aid': {}, 'fitness_equipment': {}, 'footwear': {}, 'fragrances': {}, 'fresh_products': {}, 'frozen_foods': {}, 'gaming': {}, 'haircare': {}, 'headphones': {}, 'healthy_snacks': {}, 'health_and_safety': {}, 'home_cleaning': {}, 'home_decor': {}, 'hygiene': {}, 'jewelry': {}, 'kids': {}, 'kitchen_appliances': {}, 'laptops': {}, 'laundry': {}, 'living_room': {}, 'maternity_and_pregnancy': {}, 'meat_and_sea_food': {}, 'medical_supplies': {}, 'mens_clothing': {}, 'mens_grooming': {}, 'mobiles': {}, 'nursery_and_bedding': {}, 'office': {}, 'oral_care': {}, 'outdoor': {}, 'outerwear': {}, 'pantry': {}, 'personal_care': {}, 'personal_care_products': {}, 'personal_hygiene': {}, 'skincare': {}, 'small_kitchen': {}, 'smart_home': {}, 'snacks': {}, 'sports': {}, 'sportswear': {}, 'storage': {}, 'styling': {}, 'televisions': {}, 'toys_and_games': {}, 'vitamins_and_supplements': {}, 'watches': {}, 'womens_clothing': {}}"
user50,12345,Christopher Turner,"{'accessories': {}, 'baby_clothing': {}, 'baby_gear': {}, 'bakery': {}, 'bath_and_body': {}, 'bedroom': {}, 'beverages': {}, 'cameras': {}, 'children_clothing': {}, 'climate_control': {}, 'dairy_and_eggs': {}, 'diapers': {}, 'dining_room': {}, 'entertainment': {}, 'feeding_essentials': {}, 'feminine_care': {}, 'first_aid': {}, 'fitness_equipment': {}, 'footwear': {}, 'fragrances': {}, 'fresh_products': {}, 'frozen_foods': {}, 'gaming': {}, 'haircare': {}, 'headphones': {}, 'healthy_snacks': {}, 'health_and_safety': {}, 'home_cleaning': {}, 'home_decor': {}, 'hygiene': {}, 'jewelry': {}, 'kids': {}, 'kitchen_appliances': {}, 'laptops': {}, 'laundry': {}, 'living_room': {}, 'maternity_and_pregnancy': {}, 'meat_and_sea_food': {}, 'medical_supplies': {}, 'mens_clothing': {}, 'mens_grooming': {}, 'mobiles': {}, 'nursery_and_bedding': {}, 'office': {}, 'oral_care': {}, 'outdoor': {}, 'outerwear': {}, 'pantry': {}, 'personal_care': {}, 'personal_care_products': {}, 'personal_hygiene': {}, 'skincare': {}, 'small_kitchen': {}, 'smart_home': {}, 'snacks': {}, 'sports': {}, 'sportswear': {}, 'storage': {}, 'styling': {}, 'televisions': {}, 'toys_and_games': {}, 'vitamins_and_supplements': {}, 'watches': {}, 'womens_clothing': {}}"
user51,hi,qwerty,"{'accessories': {}, 'baby_clothing': {}, 'baby_gear': {}, 'bakery': {}, 'bath_and_body': {}, 'bedroom': {}, 'beverages': {}, 'cameras': {}, 'children_clothing': {}, 'climate_control': {}, 'dairy_and_eggs': {}, 'diapers': {}, 'dining_room': {}, 'entertainment': {}, 'feeding_essentials': {}, 'feminine_care': {}, 'first_aid': {}, 'fitness_equipment': {}, 'footwear': {}, 'fragrances': {}, 'fresh_products': {}, 'frozen_foods': {}, 'gaming': {}, 'haircare': {}, 'headphones': {}, 'healthy_snacks': {}, 'health_and_safety': {}, 'home_cleaning': {}, 'home_decor': {}, 'hygiene': {}, 'jewelry': {}, 'kids': {}, 'kitchen_appliances': {}, 'laptops': {}, 'laundry': {}, 'living_room': {}, 'maternity_and_pregnancy': {}, 'meat_and_sea_food': {}, 'medical_supplies': {}, 'mens_clothing': {}, 'mens_grooming': {}, 'mobiles': {}, 'nursery_and_bedding': {}, 'office': {}, 'oral_care': {}, 'outdoor': {}, 'outerwear': {}, 'pantry': {}, 'personal_care': {}, 'personal_care_products': {}, 'personal_hygiene': {}, 'skincare': {}, 'small_kitchen': {}, 'smart_home': {}, 'snacks': {}, 'sports': {}, 'sportswear': {}, 'storage': {}, 'styling': {}, 'televisions': {}, 'toys_and_games': {}, 'vitamins_and_supplements': {}, 'watches': {}, 'womens_clothing': {}}"
user52,qwer,qwerty,"{'accessories': {}, 'baby_clothing': {}, 'baby_gear': {}, 'bakery': {}, 'bath_and_body': {}, 'bedroom': {}, 'beverages': {}, 'cameras': {}, 'children_clothing': {}, 'climate_control': {}, 'dairy_and_eggs': {}, 'diapers': {}, 'dining_room': {}, 'entertainment': {}, 'feeding_essentials': {}, 'feminine_care': {}, 'first_aid': {}, 'fitness_equipment': {}, 'footwear': {}, 'fragrances': {}, 'fresh_products': {}, 'frozen_foods': {}, 'gaming': {}, 'haircare': {}, 'headphones': {}, 'healthy_snacks': {}, 'health_and_safety': {}, 'home_cleaning': {}, 'home_decor': {}, 'hygiene': {}, 'jewelry': {}, 'kids': {}, 'kitchen_appliances': {}, 'laptops': {}, 'laundry': {}, 'living_room': {}, 'maternity_and_pregnancy': {}, 'meat_and_sea_food': {}, 'medical_supplies': {}, 'mens_clothing': {}, 'mens_grooming': {}, 'mobiles': {}, 'nursery_and_bedding': {}, 'office': {}, 'oral_care': {}, 'outdoor': {}, 'outerwear': {}, 'pantry': {}, 'personal_care': {}, 'personal_care_products': {}, 'personal_hygiene': {}, 'skincare': {}, 'small_kitchen': {}, 'smart_home': {}, 'snacks': {}, 'sports': {}, 'sportswear': {}, 'storage': {}, 'styling': {}, 'televisions': {}, 'toys_and_games': {}, 'vitamins_and_supplements': {}, 'watches': {}, 'womens_clothing': {}}"
user53,asd,tarun,"{'accessories': {}, 'baby_clothing': {}, 'baby_gear': {}, 'bakery': {}, 'bath_and_body': {}, 'bedroom': {}, 'beverages': {}, 'cameras': {}, 'children_clothing': {}, 'climate_control': {}, 'dairy_and_eggs': {}, 'diapers': {}, 'dining_room': {}, 'entertainment': {}, 'feeding_essentials': {}, 'feminine_care': {}, 'first_aid': {}, 'fitness_equipment': {}, 'footwear': {}, 'fragrances': {}, 'fresh_products': {}, 'frozen_foods': {}, 'gaming': {}, 'haircare': {}, 'headphones': {}, 'healthy_snacks': {}, 'health_and_safety': {}, 'home_cleaning': {}, 'home_decor': {}, 'hygiene': {}, 'jewelry': {}, 'kids': {}, 'kitchen_appliances': {}, 'laptops': {}, 'laundry': {}, 'living_room': {}, 'maternity_and_pregnancy': {}, 'meat_and_sea_food': {}, 'medical_supplies': {}, 'mens_clothing': {}, 'mens_grooming': {}, 'mobiles': {}, 'nursery_and_bedding': {}, 'office': {}, 'oral_care': {}, 'outdoor': {}, 'outerwear': {}, 'pantry': {}, 'personal_care': {}, 'personal_care_products': {}, 'personal_hygiene': {}, 'skincare': {}, 'small_kitchen': {}, 'smart_home': {}, 'snacks': {}, 'sports': {}, 'sportswear': {}, 'storage': {}, 'styling': {}, 'televisions': {}, 'toys_and_games': {}, 'vitamins_and_supplements': {}, 'watches': {}, 'womens_clothing': {}}"
